parameter,median,mean,std,q16,q84,q2.25,q97.75
Vf,10.063235863265488,10.063235863265488,0.05501233333333329,10.008223529932154,10.118248196598822,9.953211196598822,10.173260529932154
Vp,15.7427915,15.7427915,0.16864850000000065,15.574143,15.911439999999999,15.405494499999998,16.080088500000002
Te,1.480656375362783,1.480656375362783,0.01162636506384698,1.469030010298936,1.4922827404266301,1.4574036452350891,1.503909105490477
n,5.921976554541338e+16,5.921976554541338e+16,7.273030040977498e+16,-1.35105348643616e+16,1.3195006595518835e+17,-8.624083527413658e+16,2.0468036636496333e+17
ne,1.0285617723497325e+17,1.0285617723497325e+17,1.0919029710728562e+16,9.193714752424469e+16,1.1377520694570181e+17,8.101811781351613e+16,1.2469423665643037e+17
ni,3.0015362881500285e-11,3.0015362881500285e-11,0.0,3.0015362881500285e-11,3.0015362881500285e-11,3.0015362881500285e-11,3.0015362881500285e-11
Ie_sat,0.0013668206887547862,0.0013668206887547862,0.00014499999999999908,0.0012218206887547871,0.0015118206887547853,0.001076820688754788,0.0016568206887547844
Ii_sat,-0.00044450029354598387,-0.00044450029354598387,0.00012816748205249487,-0.0005726677755984787,-0.000316332811493489,-0.0007008352576509736,-0.00018816532944099414
