model,log_evidence,log_evidence_error
linear,681.5263962983834,3.530777200627722
oml,585.7930579013554,2.0517149354049957
transitional,563.2652566799844,2.5935894753268856
