model,log_evidence,log_evidence_error
linear,735.8091296001372,3.5036770145833556
oml,521.4870514194165,1.857394315779079
transitional,511.018249543829,2.3188039857850056
