parameter,median,mean,std,q16,q84,q2.25,q97.75
Vf,11.90617380918445,11.90617380918445,0.0,11.90617380918445,11.90617380918445,11.90617380918445,11.90617380918445
Vp,17.919169272465528,17.816952951010904,0.6579000260485021,17.109852232077085,18.405069248805187,16.41323343256908,18.526102437755764
Ie_sat,0.0014804569446430441,0.0014382580930760857,0.00024540881623966334,0.001143089471406149,0.001662081861131792,0.0009644226567834428,0.0017015225835376986
ne,9185313810467724.0,9020538271480664.0,1495662986805534.0,7291588495748837.0,1.073996525173466e+16,6435116097984002.0,1.1528349385906288e+16
ni,9185313810467724.0,9020538271480664.0,1495662986805534.0,7291588495748837.0,1.073996525173466e+16,6435116097984002.0,1.1528349385906288e+16
Te,2.0539440667889677,2.0856458933411686,0.4645178246377082,1.6163419542433084,2.432667795578265,0.996005662507517,2.9526567010815254
p,1.4399398822206895,1.5062679794022535,0.2912315954498022,1.268802331996521,1.8712395178271097,1.0654873933794293,1.952723322105444
log10_sigma_I,-3.5354900108477403,-3.530288501134085,0.0340223112952901,-3.5656112158905615,-3.499637701778034,-3.594880086291847,-3.4674643514409675
sigma_I,0.0002914137161698971,0.0002958051695115488,2.3057574062369126e-05,0.00027188721371478313,0.0003164916803960169,0.00025416770318222455,0.0003408354866524091
