model,log_evidence,log_evidence_error
linear,715.686913390088,3.3517451180744806
oml,566.803902471796,2.0632482743859226
transitional,551.4875440526522,2.209472716323414
