model,log_evidence,log_evidence_error
linear,729.8980423888307,3.339339395879391
oml,561.9551614757022,2.180850198959791
transitional,551.2754477453225,2.488880769709947
