model,log_evidence,log_evidence_error
linear,691.4803041322758,3.1470898334665716
oml,549.4618039994156,1.9468879043035359
transitional,537.2664864047026,2.3486386177070337
