model,log_evidence,log_evidence_error
linear,721.1796024959165,3.21147986945691
oml,558.0597176836015,1.8641536127161684
transitional,543.0113730968933,2.2142802990463535
