model,log_evidence,log_evidence_error
linear,698.8648414625515,3.3236129374287446
oml,583.1175242238453,1.946078448624434
transitional,559.5205416834153,2.3227361475701005
