{
  "trace_id": "kr_15sccm_21a",
  "trace_path": "/Users/braden/Documents/Bismuth Cathode/2026-03 Zn-Kr Campaign/Orsini_test_directory/Axial Langmuir/Kr_15sccm_21A.csv",
  "bayesian_log_evidence": 729.0207860363128,
  "bayesian_diagnostics": {
    "niter": 1792,
    "ncall": 46274,
    "efficiency": 3.959026667242944,
    "prior_bounds": {
      "Vp": [
        16.620626,
        21.321827403261434
      ],
      "ne": [
        2.9220729277739412e+16,
        2.922072927773941e+18
      ],
      "Te": [
        1.267582042157904,
        7.9223877634869
      ],
      "p": [
        1.0,
        3.0
      ],
      "I1": [
        -0.000778383755784261,
        0.000778383755784261
      ],
      "I2": [
        -0.017802,
        0.017802
      ],
      "log10_sigma_I": [
        -7.226652458019177,
        -2.226652458019177
      ]
    },
    "fit_point_count": 80,
    "original_point_count": 300,
    "floating_potential_v": 10.255808795651422,
    "fit_window_lower_v": -9.823362,
    "fit_window_upper_v": 16.579248,
    "fit_window_point_count": 80
  },
  "legacy_success": true,
  "legacy_error": null
}