model,log_evidence,log_evidence_error
linear,801.0564850414836,3.8350612924201757
oml,472.0745544185706,1.766859464754674
transitional,463.74801803718543,2.2168865103662765
