model,log_evidence,log_evidence_error
linear,719.259858558856,3.364748478755747
oml,554.0588075535682,1.9350616138490853
transitional,548.7686095070299,1.9325217556388083
