Filename,Slope,Lower ci,Upper ci,y_int,Rate,Lower Rate,Upper Rate,Start,End,RANSAC_m,RANSAC_b,RANSAC Rate
QCM_26-68deg_150V_300V_suppression_bias.txt,3.658252771943256e-07,3.4470858214619615e-07,3.872265009757686e-07,-3.831368286781233e-05,0.1316970997899572,0.1240950895726306,0.1394015403512767,108,242,3.27857971375877e-07,-8.879340504600096e-06,0.11802886969531572
QCM_26-68deg_100V_300V_suppression_bias.txt,2.211160220172023e-07,2.138187102121539e-07,2.2837202835742583e-07,4.412580166294041e-06,0.0796017679261928,0.0769747356763754,0.0822139302086733,25,237,2.2443913304516705e-07,6.512172783404793e-07,0.08079808789626014
QCM_26-68deg_0V_no_suppression_bias.txt,1.040269190947902e-07,9.237613910766721e-08,1.1562312760494028e-07,-5.065328350832778e-06,0.0374496908741244,0.0332554100787602,0.0416243259377785,51,240,5.191630942134513e-08,2.2330916451846585e-05,0.018689871391684244
Random QCM File Name.txt,4.206201193823902e-07,3.9489842204705974e-07,4.4621956197556176e-07,4.59789529084108e-05,0.1514232429776604,0.1421634319369415,0.1606390423112022,0,126,4.281596957441193e-07,3.757802221849218e-05,0.15413749046788294
QCM_26-68deg_0V_300V_suppression_bias.txt,3.242102865820904e-07,3.1007746358586775e-07,3.381641402189242e-07,-0.0001080627605161,0.1167157031695525,0.1116278868909124,0.1217390904788127,48,243,2.788669625165651e-07,-6.861066388126791e-05,0.10039210650596345
QCM_26-68deg_34V_300V_suppression_bias.txt,2.1794743941908193e-07,1.961318305425936e-07,2.398470163542475e-07,-7.920716659103522e-06,0.0784610781908694,0.0706074589953337,0.0863449258875291,0,88,3.288460906793853e-07,-2.9666419236556925e-05,0.11838459264457872
QCM_26-68deg_34V_no_suppression_bias.txt,1.0729850783470429e-07,9.082002457580222e-08,1.2376865677177862e-07,0.0001758250643007,0.0386274628204935,0.0326952088472888,0.0445567164378403,16,121,1.1051871103186305e-07,0.0001698820688231,0.03978673597147069
