Filename,Slope,Lower ci,Upper ci,y_int,Rate,Lower Rate,Upper Rate,Start,End,RANSAC_m,RANSAC_b,RANSAC Rate
QCM_26-68deg_150V_300V_suppression_bias.txt,4.3411998722777217e-07,4.0580273838750796e-07,4.6210544841780917e-07,-0.00010431365573098121,0.156283195401998,0.14608898581950286,0.16635796143041132,129,232,3.27857971375877e-07,-8.879340504600096e-06,0.11802886969531572
QCM_26-68deg_100V_300V_suppression_bias.txt,2.2052645729044507e-07,2.1331094876892996e-07,2.2770794259668065e-07,4.873899959747143e-06,0.07938952462456023,0.0767919415568148,0.08197485933480503,23,237,2.27109285200416e-07,-3.659525924392564e-07,0.08175934267214977
QCM_26-68deg_0V_no_suppression_bias.txt,1.1049743977002335e-07,9.862937082614295e-08,1.2230597608492382e-07,-1.079600528279887e-05,0.0397790783172084,0.03550657349741146,0.04403015139057258,56,240,1.2316412747150493e-07,-1.576953286502144e-05,0.044339085889741774
Random QCM File Name.txt,4.206201193823902e-07,3.948984220470598e-07,4.4621956197556186e-07,4.59789529084108e-05,0.15142324297766047,0.14216343193694153,0.16063904231120227,0,126,3.899800451905965e-07,5.939378946805192e-05,0.14039281626861472
QCM_26-68deg_0V_300V_suppression_bias.txt,3.235624573670511e-07,3.1071723463760727e-07,3.356502133882708e-07,-0.00010757385588420008,0.11648248465213842,0.11185820446953862,0.12083407681977747,41,243,2.9254871013151715e-07,-8.040683777304754e-05,0.10531753564734618
QCM_26-68deg_34V_300V_suppression_bias.txt,2.223535718030431e-07,1.9969817965001198e-07,2.4561311816924033e-07,-9.220860606606834e-06,0.08004728584909551,0.0718913446740043,0.08842072254092652,2,88,3.172769895615512e-07,-2.617725268901288e-05,0.11421971624215843
QCM_26-68deg_34V_no_suppression_bias.txt,1.0751316557300153e-07,9.171889078907358e-08,1.2357623077231663e-07,0.00017573940647173472,0.038704739606280555,0.03301880068406649,0.04448744307803399,14,121,1.1460798656328678e-07,0.00017277133037511456,0.04125887516278324
