model,log_evidence,log_evidence_error
linear,768.1765093547507,3.6061024060021922
oml,510.16256451084257,1.890301236046623
transitional,499.8745970676199,2.171292601357254
