model,log_evidence,log_evidence_error
oml,553.0613580587258,2.258802863698592
transitional,543.5042746651775,2.581049590559752
linear,386.70201961680283,2.1612309145416524
