model,log_evidence,log_evidence_error
linear,656.1043117630832,3.281851128899163
oml,520.1892626630787,1.909383455897491
transitional,513.9517913847322,2.1415917398717026
