model,log_evidence,log_evidence_error
linear,757.9042668977456,3.120261677680429
oml,535.3875107777578,1.9029549397648813
transitional,514.797780820736,2.64877187578631
