model,log_evidence,log_evidence_error
linear,713.8279042781759,3.2821628664338456
oml,586.2887684890709,2.0559773153882244
transitional,554.1880496690214,2.730492602586671
