model,log_evidence,log_evidence_error
linear,739.2334565732266,3.305947835274833
oml,556.6829198510692,2.1182520883654905
transitional,539.8381479293569,2.3462736060692193
