model,log_evidence,log_evidence_error
linear,691.0603691411587,3.157204655449186
oml,536.6535029925263,1.9017202092835093
transitional,530.3477040990588,2.046769378031688
