model,log_evidence,log_evidence_error
linear,727.1236274557009,3.6625798147788644
oml,547.1638683346899,1.9186956084826357
transitional,533.6648682530908,2.336070756049399
