{
  "trace_id": "kr_15sccm_22p5a",
  "trace_path": "/Users/braden/Documents/Bismuth Cathode/2026-03 Zn-Kr Campaign/Orsini_test_directory/Axial Langmuir/Kr_15sccm_22p5A.csv",
  "bayesian_log_evidence": 755.8054691523239,
  "bayesian_diagnostics": {
    "niter": 1278,
    "ncall": 32396,
    "efficiency": 4.068403506605754,
    "prior_bounds": {
      "Vp": [
        16.61961125,
        21.09964859411466
      ],
      "ne": [
        2.946637398779073e+16,
        2.9466373987790725e+18
      ],
      "Te": [
        1.310847972247369,
        8.192799826546056
      ],
      "p": [
        1.0,
        3.0
      ],
      "I1": [
        -0.0008052934368306147,
        0.0008052934368306147
      ],
      "I2": [
        -0.018417,
        0.018417
      ],
      "log10_sigma_I": [
        -7.211902366619703,
        -2.211902366619703
      ]
    },
    "fit_point_count": 80,
    "original_point_count": 300,
    "floating_potential_v": 10.549716207847116,
    "fit_window_lower_v": -9.824039,
    "fit_window_upper_v": 16.578249,
    "fit_window_point_count": 80
  },
  "legacy_success": true,
  "legacy_error": null
}