model,log_evidence,log_evidence_error
linear,734.3672618633111,3.1560967999444856
oml,563.6570391762252,2.0970670204016977
transitional,537.6976155967146,2.7672267248117026
