{
  "trace_id": "zn_15sccm_15a3",
  "trace_path": "/Users/braden/Documents/Bismuth Cathode/2026-03 Zn-Kr Campaign/Orsini_test_directory/Axial Langmuir/Zn_15sccm_15A3.csv",
  "bayesian_log_evidence": 702.1886785814531,
  "bayesian_diagnostics": {
    "niter": 1382,
    "ncall": 35098,
    "efficiency": 4.051512906718331,
    "prior_bounds": {
      "Vp": [
        11.431845749999999,
        14.826060647736341
      ],
      "ne": [
        4.819492933806549e+16,
        4.819492933806549e+18
      ],
      "Te": [
        0.9701148945416402,
        6.063218090885252
      ],
      "p": [
        1.0,
        3.0
      ],
      "I1": [
        -0.0010970289869544653,
        0.0010970289869544653
      ],
      "I2": [
        -0.025089,
        0.025089
      ],
      "log10_sigma_I": [
        -7.0776379032152095,
        -2.07763790321521
      ]
    },
    "fit_point_count": 80,
    "original_point_count": 300,
    "floating_potential_v": 6.809691803018212,
    "fit_window_lower_v": -9.823538,
    "fit_window_upper_v": 11.390474,
    "fit_window_point_count": 80
  },
  "legacy_success": true,
  "legacy_error": null
}