model,log_evidence,log_evidence_error
linear,694.3459508775869,3.249745797094263
oml,533.9017967272131,1.7733638823059945
transitional,517.2598140068359,2.322849697752875
