model,log_evidence,log_evidence_error
linear,737.914454041707,3.4631030205633744
oml,541.5640285310097,1.84168638491786
transitional,528.1699870283355,2.12083069991447
