model,log_evidence,log_evidence_error
linear,728.2856604384313,3.243174779962427
oml,587.1189112989139,2.1970457504843073
transitional,554.7551306458073,2.7086205107341397
