model,log_evidence,log_evidence_error
linear,746.406743053273,3.4112446678827983
oml,536.0563020269745,1.9055538351621604
transitional,521.2276403347353,2.330759458851488
