model,log_evidence,log_evidence_error
linear,503.6888762631611,2.633293118878185
oml,475.0558806253948,2.2761695842191663
transitional,458.3408867963177,1.9392649236836834
