model,log_evidence,log_evidence_error
linear,650.340964164802,2.8640855872671973
oml,521.9137982296679,1.8658257825241533
transitional,515.3953357008957,2.059977266919501
