model,log_evidence,log_evidence_error
linear,741.9493944026345,3.342027093212
oml,520.2688743834022,1.9258671855439429
transitional,514.2399790777492,2.0172967735634906
