model,log_evidence,log_evidence_error
linear,729.6420593889619,3.679384299919823
oml,554.4711369030329,1.856460540086458
transitional,540.1206307829639,2.2628609817105407
