model,log_evidence,log_evidence_error
linear,793.3860158173657,3.4511148363339905
oml,492.7519892091403,1.8832959621783498
transitional,483.828505014215,2.1549176289248315
