{
  "trace_id": "kr_15sccm_14a",
  "trace_path": "/Users/braden/Documents/ProbeTools/Testbed/Axial Langmuir/Kr_15sccm_14A.csv",
  "bayesian_log_evidence": 1101.8219667385104,
  "bayesian_diagnostics": {
    "niter": 1779,
    "ncall": 45005,
    "efficiency": 4.063992889678924,
    "prior_bounds": {
      "Vp": [
        15.780044,
        20.167950534799267
      ],
      "ne": [
        2.764634428603212e+16,
        2.7646344286032123e+18
      ],
      "Te": [
        1.5491422519384355,
        9.682139074615222
      ],
      "p": [
        1.0,
        3.0
      ],
      "I1": [
        -0.000798190632354067,
        0.000798190632354067
      ],
      "I2": [
        -0.018255,
        0.018255
      ],
      "log10_sigma_I": [
        -7.215739417433916,
        -2.215739417433916
      ]
    },
    "fit_point_count": 120,
    "original_point_count": 300,
    "floating_potential_v": 9.832523953600974,
    "fit_window_lower_v": -9.823279,
    "fit_window_upper_v": 15.738482,
    "fit_window_point_count": 120
  },
  "legacy_success": true,
  "legacy_error": null
}